id,prediction
1,"[""English""]"
2,"[""Speaker of the House and Governor""]"
3,"[""Oregon Ducks 2012 Schedule""]"
4,"[""William Roache""]"
5,"[""Death of Fumio Sugihara""]"
6,"[""Vienna Period""]"
7,"[""American""]"
8,"[""Ohio""]"
9,"[""Electric light bulb""]"
10,"[""First Lady Pat Nixon""]"
11,"[""Germany invaded France""]"
12,"[""Best Sandals Resort in St""]"
13,"[""John Kasich""]"
14,"[""Sargent Shriver""]"
15,"[""Fukushima Prefecture, Japan""]"
16,"[""No information is provided about""]"
17,"[""United Kingdom""]"
18,"[""Martin Freeman""]"
19,"[""Civil Rights Leader""]"
20,"[""Eastern Time""]"
21,"[""Bishop""]"
22,"[""Tupac Shakur""]"
23,"[""Authoritarian""]"
24,"[""Memphis""]"
25,"[""Baltimore, Maryland""]"
26,"[""1864""]"
27,"[""Explore Atlanta""]"
28,"[""French surrender""]"
29,"[""Phillip, Brisbane, and Bligh""]"
30,"[""Miss USA""]"
31,"[""Some of the traditions of Islam:\n\n1""]"
32,"[""Scotland""]"
33,"[""Australian dollar""]"
34,"[""Central European Time""]"
35,"[""Carolina Panthers""]"
36,"[""Frederick County""]"
37,"[""Baltimore City High School""]"
38,"[""Pacific Time Zone""]"
39,"[""George H""]"
40,"[""No information is provided about Niall Ferguson's wife""]"
41,"[""Joseph Stalin""]"
42,"[""Ecuador""]"
43,"[""Justin Bieber's songs:\n1""]"
44,"[""Clemenceau-Lloyd George Agreement""]"
45,"[""Desert Marigold""]"
46,"[""Atlanta""]"
47,"[""1840""]"
48,"[""Los Angeles""]"
49,"[""South Korea""]"
50,"[""Islamic principles""]"
51,"[""Neutron discovery""]"
52,"[""Michael Sellers""]"
53,"[""heart attack""]"
54,"[""Union won""]"
55,"[""Germany""]"
56,"[""Music Producer""]"
57,"[""Wyandotte County""]"
58,"[""Historical figure""]"
59,"[""Brooklyn Dodgers""]"
60,"[""June 20, 2007""]"
61,"[""Eleanor Roosevelt died in New York""]"
62,"[""Religions practiced in Indonesia""]"
63,"[""gun""]"
64,"[""Lincoln's VP""]"
65,"[""Other notable works: \n1""]"
66,"[""Mikhail Gorbachev""]"
67,"[""US Dollar""]"
68,"[""Brain Cancer""]"
69,"[""Michael Knight""]"
70,"[""Middle Tennessee""]"
71,"[""Geneticist""]"
72,"[""Michael J""]"
73,"[""1""]"
74,"[""Maasai language""]"
75,"[""Founding Father""]"
76,"[""Heart Attack""]"
77,"[""Artistic masterpieces""]"
78,"[""Vienna""]"
79,"[""Breast cancer""]"
80,"[""India""]"
81,"[""Weld County""]"
82,"[""Los Angeles""]"
83,"[""Tchaikovsky started work""]"
84,"[""Official German-speaking countries: Germany, Austria,""]"
85,"[""Rock music""]"
86,"[""4 Democrats, 3 Republicans""]"
87,"[""Denmark""]"
88,"[""Seattle WA 98101""]"
89,"[""Will Smith""]"
90,"[""Chinese writing system""]"
91,"[""American basketball players""]"
92,"[""San Francisco Chronicle""]"
93,"[""Economic stagnation""]"
94,"[""Asia""]"
95,"[""Randy Savage died of cancer""]"
96,"[""Fertilisation of Orchids""]"
97,"[""Yorba Linda, California""]"
98,"[""The Temptations Sing Smokey""]"
99,"[""Lyndon B""]"
100,"[""Slavonic-Serbian""]"
101,"[""Haitian Creole""]"
102,"[""The city states in ancient Greece:\n\n1""]"
103,"[""Various actresses""]"
104,"[""Los Angeles Lakers""]"
105,"[""American comedian""]"
106,"[""Thai language""]"
107,"[""The Social Network""]"
108,"[""Author of Declaration""]"
109,"[""The Voyage of the Beagle""]"
110,"[""University of Florida""]"
111,"[""Indianapolis Colts""]"
112,"[""Central and Eastern Europe""]"
113,"[""Poet of Scotland""]"
114,"[""Microscopic cell study""]"
115,"[""Luke Skywalker""]"
116,"[""Super Bowl XLI""]"
117,"[""Canada""]"
118,"[""Japan""]"
119,"[""Coalition forces""]"
120,"[""Nicole Sullivan""]"
121,"[""Chinese characters""]"
122,"[""Manchester United""]"
123,"[""Mexico""]"
124,"[""Google services""]"
125,"[""Egyptian Arabic""]"
126,"[""Abraham's sons are Ishmael and Isaac""]"
127,"[""Sameer Joshi""]"
128,"[""Ovarian cancer""]"
129,"[""Daryl Sabara""]"
130,"[""American Actress""]"
131,"[""No information provided""]"
132,"[""First African-American President""]"
133,"[""Nancy McKeon""]"
134,"[""Smoky Mountains""]"
135,"[""Detective novels""]"
136,"[""English royal mistress""]"
137,"[""The Jimi Hendrix Experience album""]"
138,"[""Sacramento Running Trails""]"
139,"[""Catalan, Spanish, Aranese, and Catalan Sign Language""]"
140,"[""Fairfax County, Virginia""]"
141,"[""\""Unstoppable\""""]"
142,"[""Dwarven father""]"
143,"[""Xerox""]"
144,"[""Philip H""]"
145,"[""Art Rooney""]"
146,"[""Albert Einstein College of Medicine""]"
147,"[""Eurotech Racing""]"
148,"[""Bill Lee""]"
149,"[""American scientist Eli Whitney""]"
150,"[""Portuguese language""]"
151,"[""Spanish""]"
152,"[""Green Bay High School""]"
153,"[""Economic issues: Bank bailouts""]"
154,"[""reflector sight""]"
155,"[""Saxophone, Clarinet""]"
156,"[""1988""]"
157,"[""Pacific Time""]"
158,"[""Ventura County, California""]"
159,"[""Vittorio Emanuele""]"
160,"[""12:00 AM""]"
161,"[""University of Göttingen""]"
162,"[""University of Edinburgh""]"
163,"[""Greece shares borders with:\n\n1""]"
164,"[""2015""]"
165,"[""Theoretical physicist""]"
166,"[""Catherine Tate""]"
167,"[""American School""]"
168,"[""British Empire""]"
169,"[""The Constitution""]"
170,"[""Dutch, French, German""]"
171,"[""Peter Jackson""]"
172,"[""Destin Executive Airport""]"
173,"[""Legislative Body Members""]"
174,"[""Denmark, Finland, Iceland, Norway, Sweden, and Greenland""]"
175,"[""San Francisco 49ers""]"
176,"[""Delaware University""]"
177,"[""No information is provided about Callum Stone's father""]"
178,"[""New York City""]"
179,"[""World War II leader""]"
180,"[""Fauvist movement""]"
181,"[""Mississippi River""]"
182,"[""Thai baht""]"
183,"[""Khloe Kardashian's husband is Lamar Odom""]"
184,"[""2003-2007""]"
185,"[""Massachusetts""]"
186,"[""Constitutional monarchy""]"
187,"[""Current ruler of Denmark: King Frederik X""]"
188,"[""Theoretical physics""]"
189,"[""Alaska University""]"
190,"[""Middle East""]"
191,"[""Author children's books""]"
192,"[""Purdue University""]"
193,"[""Conservative""]"
194,"[""Miami University""]"
195,"[""Native American""]"
196,"[""Acoustic""]"
197,"[""Southern Athabaskan""]"
198,"[""New England towns New England""]"
199,"[""Bolivia, Peru, Ecuador""]"
200,"[""Authoritarian""]"
201,"[""South Vietnam""]"
202,"[""Richard Nixon""]"
203,"[""Italian Lira""]"
204,"[""Billy Mitchell's love interest""]"
205,"[""Cairo""]"
206,"[""University of Cambridge""]"
207,"[""Point Guard""]"
208,"[""Cambridge, Massachusetts""]"
209,"[""Australian soap opera""]"
210,"[""Southeast Asia""]"
211,"[""American""]"
212,"[""Italy's neighbors""]"
213,"[""Colorado, Utah""]"
214,"[""Scarlett Johansson dated Ben Stiller""]"
215,"[""Europe, Africa""]"
216,"[""London""]"
217,"[""Asia""]"
218,"[""Federal""]"
219,"[""Europe""]"
220,"[""1905-1906""]"
221,"[""Turkish""]"
222,"[""Toronto Raptors""]"
223,"[""Seychelles""]"
224,"[""Cold winter""]"
225,"[""Louisiana State University""]"
226,"[""Washington""]"
227,"[""Jimmy Savile""]"
228,"[""North America""]"
229,"[""Historic President""]"
230,"[""Washington D""]"
231,"[""New York Stock Exchange""]"
232,"[""2003""]"
233,"[""Countries with Spanish as national language:""]"
234,"[""Historic Phoenix Landmarks""]"
235,"[""The Panama Canal passes through:\n\n1""]"
236,"[""Comedy legend""]"
237,"[""American Patriot""]"
238,"[""Lead Vocalist""]"
239,"[""San Diego Chargers""]"
240,"[""American breed""]"
241,"[""Theoretical Physics""]"
242,"[""Seth MacFarlane""]"
243,"[""Panavision""]"
244,"[""Texas""]"
245,"[""The Selfish Gene""]"
246,"[""1983""]"
247,"[""Alternating Current""]"
248,"[""Belgium""]"
249,"[""New York State""]"
250,"[""heart attack""]"
251,"[""Federal""]"
252,"[""British Pound""]"
253,"[""American schools""]"
254,"[""United Kingdom and Ireland""]"
255,"[""China, Taiwan, Singapore, Hong Kong""]"
256,"[""Hawaii University""]"
257,"[""Hanyu""]"
258,"[""Joseph Stalin""]"
259,"[""Australia exports oil""]"
260,"[""New York City""]"
261,"[""Israel""]"
262,"[""Self-portraits of women""]"
263,"[""Saw, Becker, Becker""]"
264,"[""Philosophy and science""]"
265,"[""Australian dollar""]"
266,"[""Milan Malpensa Airport""]"
267,"[""Fun activities""]"
268,"[""Atlanta, Georgia""]"
269,"[""2010-11 season""]"
270,"[""New York state""]"
271,"[""Constitutional Monarchy""]"
272,"[""Mormon parents""]"
273,"[""Japanese cities""]"
274,"[""1995""]"
275,"[""Socialist market economy""]"
276,"[""Egyptian Pound""]"
277,"[""Mission San Rafael Arcángel""]"
278,"[""George Johnston""]"
279,"[""No one is dating Claire Danes""]"
280,"[""Virginia""]"
281,"[""Avocados""]"
282,"[""Traditional sports and Western sports""]"
283,"[""1""]"
284,"[""Kosovo media started the derby""]"
285,"[""Latin originated from Italy""]"
286,"[""Mayan calendar ends exactly on 21 December 2""]"
287,"[""Engineer School""]"
288,"[""American glamour model, actress, singer, and dancer""]"
289,"[""September 11""]"
290,"[""1945""]"
291,"[""Heaven, Hell, Purgatory""]"
292,"[""California State University""]"
293,"[""Patrick O'Collun""]"
294,"[""Middle East""]"
295,"[""Swedish botanist""]"
296,"[""Authoritarian""]"
297,"[""Authoritarian""]"
298,"[""Pacific Time Zone""]"
299,"[""1983""]"
300,"[""Support Han""]"
301,"[""Philosopher and scientist""]"
302,"[""1""]"
303,"[""Blue, White, and Silver""]"
304,"[""Balliol College""]"
305,"[""Jamie Oliver's children names are:\n\n1""]"
306,"[""London England""]"
307,"[""Inter Milan Coach""]"
308,"[""River Shannon starts in the""]"
309,"[""Paul Rudd""]"
310,"[""West Germanic roots""]"
311,"[""Traveler's checks""]"
312,"[""UFC Headquarters""]"
313,"[""Chris Pine""]"
314,"[""Los Angeles Angels""]"
315,"[""Monarchy""]"
316,"[""American""]"
317,"[""Shakespeare's plays""]"
318,"[""Europe""]"
319,"[""Swiss Franc""]"
320,"[""Natural wonders""]"
321,"[""Ancient times""]"
322,"[""English""]"
323,"[""Lost, The Vampire Diaries""]"
324,"[""Television Sitcoms""]"
325,"[""Author of Constitution""]"
326,"[""Shakira is married to Gerard Piqué""]"
327,"[""Heart attack""]"
328,"[""Europe""]"
329,"[""College""]"
330,"[""Monarchy""]"
331,"[""Egyptian language""]"
332,"[""Egypt, Luxor""]"
333,"[""John Kennedy""]"
334,"[""Morgan Freeman's films""]"
335,"[""American presidents""]"
336,"[""Complementary currency""]"
337,"[""Moroccan dirham""]"
338,"[""African American leader""]"
339,"[""Money""]"
340,"[""British""]"
341,"[""Richard Pryor's son""]"
342,"[""Spain shares borders with:""]"
343,"[""Countries with English as official language:\n1""]"
344,"[""China's international organizations: \n\n1""]"
345,"[""Dakota County""]"
346,"[""Los Angeles High School""]"
347,"[""The Sixth Sense Actor""]"
348,"[""French Aesthetics""]"
349,"[""Bigfoot""]"
350,"[""NBA players""]"
351,"[""Indonesia shares borders with 3 countries""]"
352,"[""Portland Press Herald""]"
353,"[""Aesthetically pleasing ruins""]"
354,"[""American Football""]"
355,"[""Renaissance Art""]"
356,"[""Season 1: October 7""]"
357,"[""Arlington Municipal Airport""]"
358,"[""Portuguese India route""]"
359,"[""Limited Government""]"
360,"[""Birmingham City""]"
361,"[""Tokyo Palace""]"
362,"[""Explore Vienna's Rich Heritage""]"
363,"[""Late 1960s""]"
364,"[""2010 season""]"
365,"[""Catholic Bible""]"
366,"[""Historic sites and outdoor activities""]"
367,"[""English""]"
368,"[""Music and Dance""]"
369,"[""Dallas High School""]"
370,"[""Jason Campbell""]"
371,"[""Dutch""]"
372,"[""1""]"
373,"[""Some of his movies""]"
374,"[""Affluent suburb attractions""]"
375,"[""Fauvist painter""]"
376,"[""\""Christmas Carol\""""]"
377,"[""Detective novels and short story collections""]"
378,"[""University of Southern California""]"
379,"[""United States""]"
380,"[""2017""]"
381,"[""Pacific Northwest""]"
382,"[""Movies and TV""]"
383,"[""Tupac's Autopsy Book""]"
384,"[""Chinese language""]"
385,"[""Robert Burns' poetry""]"
386,"[""September 14, 1901""]"
387,"[""Lake depth: 2-3 feet""]"
388,"[""Mitch Daniels""]"
389,"[""1""]"
390,"[""Impressionist composer""]"
391,"[""Last time: 2004""]"
392,"[""Euro""]"
393,"[""Indianapolis Colts""]"
394,"[""Spanish and Guaraní""]"
395,"[""King of Babylon\nConquered Elam""]"
396,"[""Pennsylvania""]"
397,"[""New Jersey College""]"
398,"[""Red and Blue""]"
399,"[""Denver, Colorado""]"
400,"[""Robin Roberts health""]"
401,"[""Eastern Roman Empire""]"
402,"[""Johnny Depp""]"
403,"[""Drummer""]"
404,"[""Turkish language""]"
405,"[""Cleveland Cavaliers""]"
406,"[""Union and Confederate""]"
407,"[""Ron Wotus""]"
408,"[""Eco UK Holidays""]"
409,"[""AFL-CIO's first president""]"
410,"[""Naples, Italy""]"
411,"[""Major cities in Ukraine: Kiev, Odessa, Kharkiv""]"
412,"[""California State University""]"
413,"[""She supported them""]"
414,"[""tin-miners""]"
415,"[""Philadelphia Eagles""]"
416,"[""Scary Movie, Above the Rim""]"
417,"[""Traditional currency""]"
418,"[""Don Ameche""]"
419,"[""NFL""]"
420,"[""Portugal""]"
421,"[""Southwestern France""]"
422,"[""Kim Richards married Danny Bonaduce""]"
423,"[""Bosnian War""]"
424,"[""Last time Steelers won: 1979""]"
425,"[""South Africa""]"
426,"[""Commonwealth countries""]"
427,"[""Giza Pyramid Complex""]"
428,"[""48710""]"
429,"[""Midwestern states: MI, IL, IN, OH, WI""]"
430,"[""Florida Marlins Spring Training""]"
431,"[""Guitar, Piano, Drums""]"
432,"[""English""]"
433,"[""Frank E""]"
434,"[""Michael Rosenbaum""]"
435,"[""Zambia""]"
436,"[""New York Mets""]"
437,"[""Nigeria time""]"
438,"[""Mexico""]"
439,"[""Brigham Young University""]"
440,"[""Central Time Zone""]"
441,"[""San Diego""]"
442,"[""gunshot""]"
443,"[""Retail""]"
444,"[""Texarkana, AR""]"
445,"[""New Orleans Pelicans""]"
446,"[""Slovakia""]"
447,"[""Romantic period""]"
448,"[""Autobiographical children's novels""]"
449,"[""Political System""]"
450,"[""World War II history""]"
451,"[""Hibiscus""]"
452,"[""Fought for women's rights""]"
453,"[""Roanoke Fishing""]"
454,"[""Indigenous languages""]"
455,"[""English musician""]"
456,"[""1990""]"
457,"[""Main Actress""]"
458,"[""Reported UFO sighting""]"
459,"[""World War II""]"
460,"[""Kansas City""]"
461,"[""Ukraine, near Chernobyl""]"
462,"[""Clay Center High School""]"
463,"[""Current Time: 8:00 AM""]"
464,"[""Princess Leia Organa""]"
465,"[""Author's theory""]"
466,"[""New York City Airport""]"
467,"[""Portuguese""]"
468,"[""Ewan McGregor""]"
469,"[""American Tennis Family""]"
470,"[""Panama dollar""]"
471,"[""Northwestern Zambia""]"
472,"[""Global development""]"
473,"[""Juventus""]"
474,"[""Los Angeles""]"
475,"[""Taylor Lautner""]"
476,"[""March 1796""]"
477,"[""English football manager""]"
478,"[""International Pan American Airport""]"
479,"[""Same-sex marriage laws vary""]"
480,"[""University of Florida""]"
481,"[""Pennsylvania's name""]"
482,"[""Euro""]"
483,"[""Session musician""]"
484,"[""Neutron discovery""]"
485,"[""Australian language""]"
486,"[""Head Coach""]"
487,"[""Federal Government""]"
488,"[""Veronica Lake married Fredric March""]"
489,"[""He married a woman named Elizabeth""]"
490,"[""Janet Evanovich""]"
491,"[""Greek""]"
492,"[""Ringo sings \""You Know What to Do\""""]"
493,"[""Syracuse, Greece""]"
494,"[""Third tier government""]"
495,"[""Baltimore City, Maryland""]"
496,"[""Heliocentric objects""]"
497,"[""Montmartre Paris""]"
498,"[""King George VI's father""]"
499,"[""Portugal national team""]"
500,"[""Bluebonnet""]"
501,"[""19052""]"
502,"[""British actor""]"
503,"[""Yemen Hotel Bombings""]"
504,"[""Switzerland""]"
505,"[""Hungarian bishop""]"
506,"[""Galapagos Islands""]"
507,"[""British Standard Time""]"
508,"[""Kidney function test result""]"
509,"[""Turkish lira""]"
510,"[""Parliamentary system""]"
511,"[""Other inventions: Microphone, Graphophone""]"
512,"[""New York""]"
513,"[""English novelist""]"
514,"[""Italian""]"
515,"[""Europe""]"
516,"[""Oyster Bay, New York""]"
517,"[""Federal Parliamentary System""]"
518,"[""Canadian languages""]"
519,"[""Non-profit""]"
520,"[""Eastern Time Zone""]"
521,"[""Philippine sun represents the country's independence""]"
522,"[""Anakin Skywalker Jedi Knight""]"
523,"[""Nazi Germany""]"
524,"[""European""]"
525,"[""Pacific""]"
526,"[""The senators of Virginia 2013:\n\n1""]"
527,"[""Parliament-Funkadelic""]"
528,"[""Poland""]"
529,"[""20th President""]"
530,"[""Savannah University""]"
531,"[""English celebrity chef""]"
532,"[""Pop music""]"
533,"[""Footballer""]"
534,"[""Photographer""]"
535,"[""Bernie Brewer""]"
536,"[""Alaska""]"
537,"[""Mexican Army""]"
538,"[""Sons of Anarchy""]"
539,"[""Here are the movies Taylor""]"
540,"[""Jackson High School""]"
541,"[""Green Bay Packers""]"
542,"[""Registration opens at 8 am""]"
543,"[""Alex Chilton died in 2010""]"
544,"[""Spelman College""]"
545,"[""United States""]"
546,"[""Breast Cancer""]"
547,"[""Michael J""]"
548,"[""Money: US Dollars""]"
549,"[""Gibson""]"
550,"[""The official languages of the EU are:\n\n1""]"
551,"[""On Air with Ryan Seacrest""]"
552,"[""Fought for the colonists""]"
553,"[""Italian""]"
554,"[""Denver Broncos""]"
555,"[""Money""]"
556,"[""Rehab for addiction""]"
557,"[""England""]"
558,"[""Monarchical Government""]"
559,"[""Russia""]"
560,"[""Piano""]"
561,"[""Ian McDiarmid""]"
562,"[""2nd President of the United States""]"
563,"[""Texas Rangers minor league players""]"
564,"[""Preserved Union""]"
565,"[""Arkansas State Capitol""]"
566,"[""Egyptian Music""]"
567,"[""Beach resorts""]"
568,"[""88341""]"
569,"[""2003""]"
570,"[""Domestic farms""]"
571,"[""Historic President""]"
572,"[""Jesse James killed by Union soldiers""]"
573,"[""British politician""]"
574,"[""Australia""]"
575,"[""Large guerrilla force""]"
576,"[""Louisiana State Senator""]"
577,"[""1""]"
578,"[""University of Virginia""]"
579,"[""Kobe Bryant drafted by: UCLA""]"
580,"[""Charlotte""]"
581,"[""Arabic and Tamazight""]"
582,"[""Tower""]"
583,"[""Published scientific works""]"
584,"[""Stanford University""]"
585,"[""Buddhist origins""]"
586,"[""English monarch""]"
587,"[""Brain Cancer""]"
588,"[""Dallas""]"
589,"[""American Revolutionary War""]"
590,"[""Russian language""]"
591,"[""Libya now is a dictatorship""]"
592,"[""Australian dollar""]"
593,"[""1786-1787""]"
594,"[""Cancer""]"
595,"[""Dutch""]"
596,"[""Last time: 2021""]"
597,"[""American Baseball""]"
598,"[""Singer-songwriter""]"
599,"[""Honesty and Shame""]"
600,"[""Inventions by Thomas Edison:\n\n1""]"
601,"[""Serbia""]"
602,"[""Matt Leinart""]"
603,"[""New England""]"
604,"[""Money: Turkey""]"
605,"[""Rock music""]"
606,"[""1""]"
607,"[""Alexander Graham Bell's siblings: none""]"
608,"[""September 7""]"
609,"[""2006""]"
610,"[""Barbara Eden""]"
611,"[""High heels""]"
612,"[""City of London""]"
613,"[""Miami Dolphins""]"
614,"[""Georgia""]"
615,"[""1836""]"
616,"[""Edward VI, Mary I, Elizabeth I""]"
617,"[""Queen Elizabeth II's childhood nickname was Bessie""]"
618,"[""Florida""]"
619,"[""Virginia Beach""]"
620,"[""Barbara Stanwyck""]"
621,"[""Cape Town""]"
622,"[""Official German languages: Germany, Austria, Switzerland, Belgium, Luxembourg""]"
623,"[""Taliban origin""]"
624,"[""Monarchy""]"
625,"[""Nina Dobrev""]"
626,"[""Resurrected""]"
627,"[""Mississippi River""]"
628,"[""Native American""]"
629,"[""California Dog""]"
630,"[""John Nike""]"
631,"[""Colombian language""]"
632,"[""1992""]"
633,"[""White jerseys""]"
634,"[""American actress""]"
635,"[""Texas""]"
636,"[""Main characters""]"
637,"[""Eastern Time Zone""]"
638,"[""Executive and Administrative""]"
639,"[""Japanese dialects\nRyukyuan languages""]"
640,"[""2000""]"
641,"[""Apostle Paul""]"
642,"[""South Africa""]"
643,"[""California""]"
644,"[""Alderaan""]"
645,"[""1""]"
646,"[""Sculpture""]"
647,"[""Newcastle upon Tyne""]"
648,"[""Countries with visa-free access to USA: 69""]"
649,"[""Kimberly Williams""]"
650,"[""Here are 1-3 words for""]"
651,"[""Australian Labor Party""]"
652,"[""Unified German currency""]"
653,"[""Latin American""]"
654,"[""She married Simon Clancy""]"
655,"[""Egyptian pound""]"
656,"[""48627""]"
657,"[""Laura Chinchilla""]"
658,"[""Memphis, Tennessee""]"
659,"[""Matthew""]"
660,"[""Hybrid""]"
661,"[""Stanford Cardinal""]"
662,"[""Southampton""]"
663,"[""Czech koruna""]"
664,"[""married at 21""]"
665,"[""JavaScript""]"
666,"[""Republic""]"
667,"[""Central America""]"
668,"[""Dublin""]"
669,"[""American Actress""]"
670,"[""Conducted human experiments""]"
671,"[""Egyptian Arabic""]"
672,"[""Hawaii Senators 2012""]"
673,"[""Authoritarian""]"
674,"[""California""]"
675,"[""Soviet engineer""]"
676,"[""St""]"
677,"[""Ancient Mesopotamian Empire""]"
678,"[""after 12 years""]"
679,"[""Parliamentary system""]"
680,"[""Last time the Knicks won""]"
681,"[""Boca Juniors""]"
682,"[""European Commission President""]"
683,"[""December 3""]"
684,"[""1993""]"
685,"[""Islamic Sharia Law government""]"
686,"[""New York City""]"
687,"[""1995 World Series""]"
688,"[""Lamar Odom's career""]"
689,"[""Persian""]"
690,"[""Latin""]"
691,"[""Piano""]"
692,"[""Hannah Montana High""]"
693,"[""Read A Moveable Feast""]"
694,"[""Dari""]"
695,"[""Andrew Holness""]"
696,"[""Bass Guitarist""]"
697,"[""2017 Champions League""]"
698,"[""Fall semester""]"
699,"[""Earl Roberts""]"
700,"[""Victoria state capital""]"
701,"[""France""]"
702,"[""USC""]"
703,"[""Hannah Montana High School""]"
704,"[""Mexican Peso""]"
705,"[""Explorer Thor Heyerdahl""]"
706,"[""Art History""]"
707,"[""Dallas Cowboys""]"
708,"[""Deputy Cletus Hogg""]"
709,"[""Liverpool""]"
710,"[""General Robert E""]"
711,"[""Fauvist""]"
712,"[""Ed Westwick""]"
713,"[""Countries with Oceania territories:\n1""]"
714,"[""St""]"
715,"[""One-party dominant state""]"
716,"[""When does parliament sit in Canberra?""]"
717,"[""West Germanic""]"
718,"[""Pacific Standard Time""]"
719,"[""March 29, 1968""]"
720,"[""Democratic Party""]"
721,"[""West Africa""]"
722,"[""Non-Hodgkin's Leukemia""]"
723,"[""Mein Kampf""]"
724,"[""Iconic landmarks""]"
725,"[""Los Angeles, California""]"
726,"[""California, Nevada, Spain""]"
727,"[""Greek""]"
728,"[""South Bay Lakers""]"
729,"[""John Wood""]"
730,"[""English actor""]"
731,"[""RCA Records""]"
732,"[""Canadian musician""]"
733,"[""Scientific instruments""]"
734,"[""Vietnamese Dong""]"
735,"[""Roger Federer married Mirka""]"
736,"[""School supplies""]"
737,"[""End of Soviet rule""]"
738,"[""Brussels""]"
739,"[""Japanese government""]"
740,"[""Impressionist composer""]"
741,"[""Barney's friend""]"
742,"[""Jennifer Lawrence""]"
743,"[""Gettysburg Pennsylvania""]"
744,"[""John F""]"
745,"[""East Bay""]"
746,"[""Roman Emperor""]"
747,"[""Tennis racket""]"
748,"[""South American""]"
749,"[""518-348-0000""]"
750,"[""Ronald Reagan""]"
751,"[""Canada""]"
752,"[""Google LLC""]"
753,"[""Coca-Cola""]"
754,"[""Footballer""]"
755,"[""Federal""]"
756,"[""Charles Edward Stuart""]"
757,"[""Seth MacFarlane""]"
758,"[""Angelina Jolie's parents are Jon""]"
759,"[""Suzanne Crouch""]"
760,"[""Actresses Julia Roberts""]"
761,"[""Democratic Party""]"
762,"[""San Francisco Zip Code""]"
763,"[""Stephen's team""]"
764,"[""French people like to dance""]"
765,"[""British India""]"
766,"[""Celebrity relationships""]"
767,"[""Malaysian ringgit""]"
768,"[""China's neighbors: \n1""]"
769,"[""Volkswagen Group""]"
770,"[""Roma Termini""]"
771,"[""Heat Stroke""]"
772,"[""Jerry Brown""]"
773,"[""Eva Mendes""]"
774,"[""Japan""]"
775,"[""Dominican peso""]"
776,"[""Family Fun Activities""]"
777,"[""Football""]"
778,"[""Googleplex""]"
779,"[""American High School""]"
780,"[""San Francisco""]"
781,"[""Science Fiction Action""]"
782,"[""Nazi Propaganda Minister""]"
783,"[""Canada, Mexico, US""]"
784,"[""Harris County""]"
785,"[""Seattle""]"
786,"[""Michael Keaton plays a hitman""]"
787,"[""Cantabrian Mountains""]"
788,"[""Riviera Black Hawk""]"
789,"[""Buddha's Dhammapada""]"
790,"[""Martin Van Buren""]"
791,"[""Cromford, Derbyshire""]"
792,"[""Wayside School series""]"
793,"[""Roth IRA 1934""]"
794,"[""The Legend of Zelda""]"
795,"[""Mark Hamill""]"
796,"[""Christianity""]"
797,"[""observed population growth""]"
798,"[""No information is provided about Newark, California""]"
799,"[""1""]"
800,"[""Explore the Pacific Northwest""]"
801,"[""World War II""]"
802,"[""Authoritarian""]"
803,"[""Guitar, Piano, Drums""]"
804,"[""American statesman, lawyer, and Founding Father""]"
805,"[""Served Senate""]"
806,"[""John Lennon""]"
807,"[""Edward plays on deception""]"
808,"[""World War Relief""]"
809,"[""NFL Network games""]"
810,"[""Current time in Bangalore, India: 10:00 AM""]"
811,"[""Greek""]"
812,"[""Philadelphia""]"
813,"[""Kyle XY, Disaster Movie""]"
814,"[""Kennedy Family""]"
815,"[""Milwaukee, Wisconsin""]"
816,"[""1978-2005""]"
817,"[""Belgium and Germany""]"
818,"[""Seattle""]"
819,"[""Eastern Europe""]"
820,"[""Pakistan compound""]"
821,"[""1""]"
822,"[""Died of AIDS""]"
823,"[""Euthanasia advocate""]"
824,"[""Bolivia's border""]"
825,"[""Stacey Johnson""]"
826,"[""Texas Rangers""]"
827,"[""Krona""]"
828,"[""Canada""]"
829,"[""Head Judge""]"
830,"[""Mexican culture""]"
831,"[""American singer-songwriter""]"
832,"[""Christianity""]"
833,"[""Last time was 2010""]"
834,"[""Chinese""]"
835,"[""Battle of Waterloo""]"
836,"[""Spanish Colonization""]"
837,"[""Lenin married Nadezhda""]"
838,"[""2013""]"
839,"[""Juventus""]"
840,"[""Ancient pyramids""]"
841,"[""The Adventures of Tom Sawyer""]"
842,"[""Mutual credit""]"
843,"[""French government""]"
844,"[""University of Göttingen""]"
845,"[""American singer, 38 years old, from Hawaii""]"
846,"[""Virginia Senators 2013:\n\n1""]"
847,"[""Dr""]"
848,"[""Permanent Five""]"
849,"[""Northern Europe""]"
850,"[""Portugal""]"
851,"[""Chinese Cancer""]"
852,"[""Egyptian Capital""]"
853,"[""Ontario""]"
854,"[""South America""]"
855,"[""New York Jets""]"
856,"[""Brazilian real""]"
857,"[""Pop Art""]"
858,"[""Other bordering states:""]"
859,"[""Mike Delfino""]"
860,"[""Christianity""]"
861,"[""Countries of Spanish Empire""]"
862,"[""Ron Rivera""]"
863,"[""New York City""]"
864,"[""Alyson Hannigan""]"
865,"[""Greece activities: \n- Beaches\n- Islands\n- History""]"
866,"[""Fun activities in Houston: \n1""]"
867,"[""Carnegie Institute""]"
868,"[""Other roles: \""Days of Our Lives\""""]"
869,"[""The current governor of Pennsylvania is Josh Shapiro""]"
870,"[""Lebanon""]"
871,"[""Ireland""]"
872,"[""Baptized as infant""]"
873,"[""Pakistan""]"
874,"[""from lakes and rivers""]"
875,"[""Bosnian""]"
876,"[""Caracas""]"
877,"[""imported""]"
878,"[""Sonia Gandhi's daughter is Priyanka Gandhi""]"
879,"[""Islamic God""]"
880,"[""Springfield, Illinois""]"
881,"[""London""]"
882,"[""Teen Comedy Films""]"
883,"[""October 17""]"
884,"[""Queen Elizabeth""]"
885,"[""He was resurrected""]"
886,"[""British inventor""]"
887,"[""Mark Hamill""]"
888,"[""Bishop Alemany High School""]"
889,"[""Austria, Liechtenstein, France, Italy, Germany""]"
890,"[""Italy""]"
891,"[""Kuwait wealth""]"
892,"[""Mao Zedong""]"
893,"[""Mental illness""]"
894,"[""12345""]"
895,"[""September 19, 2011""]"
896,"[""2003""]"
897,"[""1967""]"
898,"[""Jerry Rice""]"
899,"[""Hoke County""]"
900,"[""Olympic National Park""]"
901,"[""Southampton County, Virginia""]"
902,"[""Mark Hamill""]"
903,"[""Mohamed Morsi won""]"
904,"[""Turkey""]"
905,"[""Illinois""]"
906,"[""1984, 1990, 1994""]"
907,"[""Draft Chad Greenway""]"
908,"[""About 40%""]"
909,"[""Awards Gary Paulsen won: -""]"
910,"[""Cuban Independence Movement""]"
911,"[""Canada""]"
912,"[""2015""]"
913,"[""Turkish Lira""]"
914,"[""Mexican Government""]"
915,"[""United Kingdom, Ireland""]"
916,"[""Super Bowl XLVII""]"
917,"[""Russian""]"
918,"[""Melissa George""]"
919,"[""Norodom Sihamoni""]"
920,"[""Serena's parents""]"
921,"[""New Jersey schools""]"
922,"[""Cancer""]"
923,"[""Young Adult Dystopian Novels""]"
924,"[""England borders Wales and Scotland""]"
925,"[""Barcelona""]"
926,"[""Central Time Zone""]"
927,"[""Federal Marriage Amendment""]"
928,"[""Tom Riddle""]"
929,"[""1""]"
930,"[""Spanish""]"
931,"[""Philanthropy and academics""]"
932,"[""American statesman, lawyer, diplomat""]"
933,"[""1988""]"
934,"[""Democrat""]"
935,"[""St""]"
936,"[""Pakistan""]"
937,"[""Ancient Greece""]"
938,"[""Iraqis""]"
939,"[""Queen Elizabeth II's mother""]"
940,"[""Abstract Expressionism""]"
941,"[""Menudo""]"
942,"[""Ella Fitzgerald's parents""]"
943,"[""American parents""]"
944,"[""Don Draper gets engaged to Betty Draper""]"
945,"[""Van Halen's First Album""]"
946,"[""Authoritarian""]"
947,"[""Bitter campaign rivalry""]"
948,"[""Toronto Top 10""]"
949,"[""High Court Decisions""]"
950,"[""Penn State World Campus""]"
951,"[""Monsoon season""]"
952,"[""Mandatory Palestine""]"
953,"[""United States""]"
954,"[""Kansas City, Missouri""]"
955,"[""Pink Floyd's first album""]"
956,"[""No information provided""]"
957,"[""Liberal Democracy""]"
958,"[""Lakȟótiyapi""]"
959,"[""Some famous people from El Salvador:\n\n1""]"
960,"[""New York Yankees""]"
961,"[""Michael Scott""]"
962,"[""Marc Blucas""]"
963,"[""San Diego County""]"
964,"[""Brock Berlin""]"
965,"[""West Africa""]"
966,"[""Amsterdam""]"
967,"[""LeBron James""]"
968,"[""gun""]"
969,"[""German""]"
970,"[""Last time: 2022""]"
971,"[""Roman Senate""]"
972,"[""Blues singer""]"
973,"[""Brooklyn Dodgers""]"
974,"[""Central Time""]"
975,"[""Dominican Republic""]"
976,"[""Ronald Reagan""]"
977,"[""Comiskey Park""]"
978,"[""Kenickie""]"
979,"[""Pennsylvania Gazette""]"
980,"[""Barbados dollar""]"
981,"[""Professional sports""]"
982,"[""Observation Tower""]"
983,"[""Syracuse, NY 13202""]"
984,"[""Knoxville""]"
985,"[""Stewart International Airport""]"
986,"[""Prince Albert""]"
987,"[""Philadelphia printer""]"
988,"[""First Lady""]"
989,"[""Actor""]"
990,"[""Dunkirk evacuation""]"
991,"[""Scottie Pippen was a good player""]"
992,"[""Bradley Whitford""]"
993,"[""Twenty-three Grand Slam titles""]"
994,"[""Christina Hendricks""]"
995,"[""Last time: 1996""]"
996,"[""Led successful campaigns""]"
997,"[""Aviva Stadium""]"
998,"[""Lee Harvey Oswald shot J""]"
999,"[""Last championship: 2014""]"
1000,"[""1974""]"
1001,"[""Australia, New Zealand""]"
1002,"[""Trinidad and Tobago""]"
1003,"[""Daniel Radcliffe""]"
1004,"[""Pervez Musharraf""]"
1005,"[""Christopher Plummer's movies:\n1""]"
1006,"[""Rabat""]"
1007,"[""Movies: Juice, Higher Learning, The""]"
1008,"[""California's 12th district""]"
1009,"[""Indiana""]"
1010,"[""Harvard University""]"
1011,"[""Olympic Decathlon""]"
1012,"[""Tibetan""]"
1013,"[""Attend a concert""]"
1014,"[""Lincoln opponents""]"
1015,"[""American Media Personality""]"
1016,"[""Toronto""]"
1017,"[""Fashion designer""]"
1018,"[""Tim Allen""]"
1019,"[""Morocco""]"
1020,"[""Military conquests and reforms""]"
1021,"[""Chicago High School""]"
1022,"[""Terrorist attack""]"
1023,"[""United States""]"
1024,"[""77%""]"
1025,"[""Travel money""]"
1026,"[""Former NFL player""]"
1027,"[""Brazil""]"
1028,"[""Chicago Blackhawks""]"
1029,"[""American football player""]"
1030,"[""Nahua""]"
1031,"[""Citizens""]"
1032,"[""Academy Award winner""]"
1033,"[""William Shatner""]"
1034,"[""Gillian Anderson""]"
1035,"[""Hernando de Soto""]"
1036,"[""American writer""]"
1037,"[""English""]"
1038,"[""Jeff Van Gundy""]"
1039,"[""Wesley Snipes actor""]"
1040,"[""Columbus, Ohio""]"
1041,"[""Spanish""]"
1042,"[""British Pound""]"
1043,"[""Christina Moore""]"
1044,"[""Authoritarian""]"
1045,"[""Portuguese club""]"
1046,"[""24366""]"
1047,"[""Eastern Time Zone""]"
1048,"[""Ben Stiller""]"
1049,"[""1""]"
1050,"[""Tobey Maguire""]"
1051,"[""Meg Griffin""]"
1052,"[""April 18""]"
1053,"[""Sam Neill""]"
1054,"[""Michael Phelps""]"
1055,"[""Sissy Spacek""]"
1056,"[""Teach them to laugh""]"
1057,"[""Cavaliers drafted LeBron""]"
1058,"[""Neuengamme""]"
1059,"[""May 11""]"
1060,"[""Tetum""]"
1061,"[""Euro""]"
1062,"[""English""]"
1063,"[""Euro""]"
1064,"[""British actress""]"
1065,"[""Western Australia""]"
1066,"[""Ian McDiarmid""]"
1067,"[""December 7""]"
1068,"[""Decatur High School""]"
1069,"[""Barbadian athletes""]"
1070,"[""Renminbi""]"
1071,"[""Michael Jackson's children:\n\n1""]"
1072,"[""Turkish Lira""]"
1073,"[""Jan Brewer""]"
1074,"[""Recent Haiti earthquake""]"
1075,"[""Los Angeles Lakers""]"
1076,"[""Egyptian Pyramid Complex""]"
1077,"[""Italian flag designer""]"
1078,"[""Russian""]"
1079,"[""English""]"
1080,"[""Egypt""]"
1081,"[""Middle East""]"
1082,"[""Tuskegee Institute""]"
1083,"[""Sports in Spain""]"
1084,"[""Kenya""]"
1085,"[""1""]"
1086,"[""Demi Lovato's ex-boyfriend""]"
1087,"[""University of California, Berkeley""]"
1088,"[""1""]"
1089,"[""Peter Riegert""]"
1090,"[""Justin Timberlake""]"
1091,"[""Boeing Headquarters""]"
1092,"[""Religious diversity""]"
1093,"[""Viggo Mortensen played Pippin""]"
1094,"[""parts of Canada""]"
1095,"[""Agriculturalist and US Commissioner of Agriculture""]"
1096,"[""Anne Hathaway""]"
1097,"[""1""]"
1098,"[""Harvard University""]"
1099,"[""Romantic era music""]"
1100,"[""Brazil""]"
1101,"[""The Declaration of Independence""]"
1102,"[""Martin Luther King Jr""]"
1103,"[""British Columbia""]"
1104,"[""4 Marys""]"
1105,"[""Euro""]"
1106,"[""Celtic-speaking""]"
1107,"[""Inter Miami CF""]"
1108,"[""Nick Cannon's movies""]"
1109,"[""National Public Radio""]"
1110,"[""Dallas Cowboys""]"
1111,"[""New York City""]"
1112,"[""Southwest of Tokyo""]"
1113,"[""During a transit""]"
1114,"[""Haiti""]"
1115,"[""England, Scotland, Wales""]"
1116,"[""18828""]"
1117,"[""Spain""]"
1118,"[""Europe""]"
1119,"[""1999""]"
1120,"[""For-profit university""]"
1121,"[""French Franc""]"
1122,"[""Bluegrass State""]"
1123,"[""Authoritarian""]"
1124,"[""Heart attack""]"
1125,"[""Elizabeth Montgomery""]"
1126,"[""mathematics and science""]"
1127,"[""California""]"
1128,"[""United States""]"
1129,"[""Skyfall location""]"
1130,"[""New Zealand Standard Time ends in 2012""]"
1131,"[""Santa Claus""]"
1132,"[""2002""]"
1133,"[""Aging""]"
1134,"[""British novelist""]"
1135,"[""Heroin and cocaine""]"
1136,"[""Richard Nixon""]"
1137,"[""No religion""]"
1138,"[""Illinois River""]"
1139,"[""Central America""]"
1140,"[""False gods""]"
1141,"[""Milwaukee Voting""]"
1142,"[""Mazda Canada""]"
1143,"[""Paris Saint-Germain""]"
1144,"[""Scientific discoveries""]"
1145,"[""Major trading partners of Germany:\n1""]"
1146,"[""Harvard and Radcliffe Colleges""]"
1147,"[""Corpse Bride actor""]"
1148,"[""Jonesboro, AR 72401""]"
1149,"[""Shaw University""]"
1150,"[""2008-2009""]"
1151,"[""Spanish explorers""]"
1152,"[""Down House""]"
1153,"[""Matt Hill""]"
1154,"[""Eminem Marshall""]"
1155,"[""No information is provided about""]"
1156,"[""The seven nations of Central America are:\n\n1""]"
1157,"[""Jamie""]"
1158,"[""South America""]"
1159,"[""First World War""]"
1160,"[""Canada has trade agreements with:""]"
1161,"[""Debbie Rowe""]"
1162,"[""Tiger""]"
1163,"[""genetics of Drosophila""]"
1164,"[""Rainforest""]"
1165,"[""Impressionist painter""]"
1166,"[""Germany""]"
1167,"[""2003 invasion of Iraq""]"
1168,"[""William Howard Taft""]"
1169,"[""Fender Jaguar""]"
1170,"[""X-Men Apocalypse""]"
1171,"[""Earl Ray Tomblin""]"
1172,"[""Darth Vader""]"
1173,"[""Documentary camera""]"
1174,"[""Atlanta-Sandy Springs""]"
1175,"[""brain cancer""]"
1176,"[""Fashion designer""]"
1177,"[""Eastern Time""]"
1178,"[""Los Angeles High School""]"
1179,"[""California""]"
1180,"[""Creator""]"
1181,"[""Movies based on Sarah Dessen books:\n\n1""]"
1182,"[""Current time in Kauai, Hawaii: 8:00 AM HST""]"
1183,"[""Periodic Law""]"
1184,"[""California""]"
1185,"[""The Thirteen Colonies""]"
1186,"[""American author John Steinbeck""]"
1187,"[""Authoritarian""]"
1188,"[""Global""]"
1189,"[""First President of the United States""]"
1190,"[""Rome""]"
1191,"[""Dan White""]"
1192,"[""English""]"
1193,"[""London School""]"
1194,"[""Toronto Raptors""]"
1195,"[""Juventus""]"
1196,"[""Caribbean Time Zone""]"
1197,"[""African American slaves""]"
1198,"[""Portuguese""]"
1199,"[""Romanticists""]"
1200,"[""Media Personality""]"
1201,"[""Cairo, Illinois""]"
1202,"[""Timothy Omundson""]"
1203,"[""Tractor design""]"
1204,"[""Reuven Rivlin""]"
1205,"[""Southwestern United States""]"
1206,"[""Margot Robbie""]"
1207,"[""English literature""]"
1208,"[""Overweight percentage""]"
1209,"[""Libyan government""]"
1210,"[""Season 3""]"
1211,"[""Canadian National Anthem""]"
1212,"[""Malayalam""]"
1213,"[""Computer Science""]"
1214,"[""United States""]"
1215,"[""Countries requiring travel visas:""]"
1216,"[""Author and Educator""]"
1217,"[""Georgia""]"
1218,"[""NBA G League""]"
1219,"[""State emblem and name""]"
1220,"[""Barbadian""]"
1221,"[""American actress""]"
1222,"[""New York University""]"
1223,"[""Last time they won 100 games: 2013""]"
1224,"[""Elton John""]"
1225,"[""Philadelphia Eagles""]"
1226,"[""Kanye West""]"
1227,"[""Constitutional Monarchy""]"
1228,"[""Pro Football Hall of Fame""]"
1229,"[""Phoenician""]"
1230,"[""Central Standard Time""]"
1231,"[""Christchurch landmarks""]"
1232,"[""Houston, Texas""]"
1233,"[""1981""]"
1234,"[""New York Giants""]"
1235,"[""Steel Industry""]"
1236,"[""Scientific contributions and inventions""]"
1237,"[""Paris Family Fun""]"
1238,"[""Shaq first played for the Los Angeles Lakers""]"
1239,"[""Walt Disney""]"
1240,"[""19342""]"
1241,"[""Atlanta Falcons""]"
1242,"[""Pacific Ocean""]"
1243,"[""1""]"
1244,"[""banjo""]"
1245,"[""English explorer and politician""]"
1246,"[""19 European countries""]"
1247,"[""Barbados Dollar""]"
1248,"[""Angelina Jolie actress""]"
1249,"[""Upper Mesopotamia""]"
1250,"[""Flower of New Mexico: Yucca""]"
1251,"[""Australian Football Federation""]"
1252,"[""Germanic-speaking countries: Sweden, Denmark, Norway""]"
1253,"[""Helen Mirren""]"
1254,"[""Relax on the beach""]"
1255,"[""Augusta National Golf Club""]"
1256,"[""Breast cancer""]"
1257,"[""San Francisco 49ers""]"
1258,"[""South Carolina""]"
1259,"[""Mayan Calendar""]"
1260,"[""1""]"
1261,"[""2012""]"
1262,"[""Western Front""]"
1263,"[""Midwestern United States""]"
1264,"[""Juventus""]"
1265,"[""Central Time""]"
1266,"[""Tenth President of the United States""]"
1267,"[""Recorded a song""]"
1268,"[""Jamaican pound""]"
1269,"[""London""]"
1270,"[""Boston""]"
1271,"[""Her drug abuse issues""]"
1272,"[""2009""]"
1273,"[""October 1980""]"
1274,"[""Michael David Kors""]"
1275,"[""Rick Perry won""]"
1276,"[""Actress and model""]"
1277,"[""Every 4 years""]"
1278,"[""Tennessee River""]"
1279,"[""1""]"
1280,"[""Guitar""]"
1281,"[""Harry S""]"
1282,"[""Pacific Northwest""]"
1283,"[""Federal""]"
1284,"[""1""]"
1285,"[""Explore the city""]"
1286,"[""Susanville""]"
1287,"[""Harvard Medical School""]"
1288,"[""God""]"
1289,"[""Malta""]"
1290,"[""Classical music""]"
1291,"[""John Mayall's Bluesbreakers, Let It Bleed""]"
1292,"[""Two""]"
1293,"[""Girona–Costa Brava Airport""]"
1294,"[""West Germany""]"
1295,"[""Germany""]"
1296,"[""The Vampire Diaries character""]"
1297,"[""NBA championships""]"
1298,"[""North America""]"
1299,"[""Poet and book editor""]"
1300,"[""Southern Japan""]"
1301,"[""London""]"
1302,"[""Explore Sacramento""]"
1303,"[""Here are 1-3 words to""]"
1304,"[""Other movies: The Hunger Games""]"
1305,"[""Nazi Party""]"
1306,"[""Awards and Honors""]"
1307,"[""Islamic Republic""]"
1308,"[""Pittsburgh High School""]"
1309,"[""University of Oxford""]"
1310,"[""Abstract painter""]"
1311,"[""New England won""]"
1312,"[""Ancient Egyptian art""]"
1313,"[""Denmark""]"
1314,"[""Zeus and Hera""]"
1315,"[""Parisian Hotel""]"
1316,"[""Stalin's power rise: Lenin's death""]"
1317,"[""Benjamin Franklin's wife""]"
1318,"[""Madrid""]"
1319,"[""Monarchy""]"
1320,"[""Pudge Rodriguez""]"
1321,"[""Miller Park""]"
1322,"[""Western Australia""]"
1323,"[""Other notable movies: - The""]"
1324,"[""Atlanta landmarks""]"
1325,"[""London School""]"
1326,"[""Maltese""]"
1327,"[""Invented the light bulb""]"
1328,"[""Colombian""]"
1329,"[""American singer songwriter""]"
1330,"[""Peter Jackson""]"
1331,"[""California""]"
1332,"[""Kyrsten Sinema""]"
1333,"[""30 April 1975""]"
1334,"[""Gulf of Mexico""]"
1335,"[""Apollo 13 Cast""]"
1336,"[""Central Tano""]"
1337,"[""Utah State Capitol""]"
1338,"[""Inventions by Ben Franklin:\n\n1""]"
1339,"[""Miami Gardens""]"
1340,"[""Toronto Raptors""]"
1341,"[""Canadian""]"
1342,"[""1""]"
1343,"[""Official language""]"
1344,"[""Civil Rights Leader""]"
1345,"[""Illinois and Missouri""]"
1346,"[""1894""]"
1347,"[""Mufasa's mother""]"
1348,"[""American aviation pioneers""]"
1349,"[""Indianapolis Colts""]"
1350,"[""Upper Iowa University""]"
1351,"[""Four gold medals""]"
1352,"[""Peruvian sol""]"
1353,"[""Facebook Board Members""]"
1354,"[""Big Four""]"
1355,"[""Frank Garland""]"
1356,"[""John F""]"
1357,"[""Barbiturate overdose""]"
1358,"[""Japan""]"
1359,"[""Pacific Time Zone""]"
1360,"[""Nicolas Cage's son's name is Weston Cage""]"
1361,"[""Energy and Insurance""]"
1362,"[""Mexican Peso""]"
1363,"[""John Wayne Mixson""]"
1364,"[""Nick Lachey""]"
1365,"[""English""]"
1366,"[""Chemistry""]"
1367,"[""Country songs""]"
1368,"[""Somerset, England""]"
1369,"[""American Federation of Labor""]"
1370,"[""Denver attractions""]"
1371,"[""Malmesbury""]"
1372,"[""Unitarian Universalist principles""]"
1373,"[""American statesman""]"
1374,"[""Dallas, Texas""]"
1375,"[""Constitutional""]"
1376,"[""Massachusetts""]"
1377,"[""Quebec province""]"
1378,"[""near Bruckner""]"
1379,"[""Emmett Cullen""]"
1380,"[""Pianist and composer""]"
1381,"[""Alternating Current""]"
1382,"[""Princeton NJ 08540""]"
1383,"[""Argentina's neighbors: Chile, Uruguay""]"
1384,"[""Old Norse""]"
1385,"[""Jewish""]"
1386,"[""Ron Rivera""]"
1387,"[""1""]"
1388,"[""Eastern Time Zone""]"
1389,"[""Haiti""]"
1390,"[""Poet, Writer, Poet Laureate""]"
1391,"[""No information is provided about""]"
1392,"[""Muammar Gaddafi""]"
1393,"[""Indonesian""]"
1394,"[""U""]"
1395,"[""Ron Rivera""]"
1396,"[""Namibia, Botswana, Zambia, and Zimbabwe""]"
1397,"[""David Prowse""]"
1398,"[""August 10, 1874 - October 20, 1964""]"
1399,"[""American film and television actress""]"
1400,"[""1""]"
1401,"[""First steps on the moon""]"
1402,"[""Speaker of the House and Governor""]"
1403,"[""Bluebird""]"
1404,"[""Kim Campbell""]"
1405,"[""United States""]"
1406,"[""Explore the city""]"
1407,"[""Natural Beauty""]"
1408,"[""New Coach""]"
1409,"[""Current Ohio State Senator: \n\n1""]"
1410,"[""Here are the major languages""]"
1411,"[""Meditated on prayer""]"
1412,"[""1-3 words: 1%""]"
1413,"[""1492""]"
1414,"[""Rome October 2012""]"
1415,"[""Death""]"
1416,"[""Ulysses S""]"
1417,"[""First Lady of the US""]"
1418,"[""2019""]"
1419,"[""Jason Gray""]"
1420,"[""Etruscan studies""]"
1421,"[""Oil refinery""]"
1422,"[""Woody Boyd""]"
1423,"[""Swedish""]"
1424,"[""Guan languages""]"
1425,"[""Democracy""]"
1426,"[""1""]"
1427,"[""Dutch""]"
1428,"[""John Eaton""]"
1429,"[""Kim Possible characters:\n1""]"
1430,"[""New Zealand dollar""]"
1431,"[""International disappearance""]"
1432,"[""1947""]"
1433,"[""Here are the places in""]"
1434,"[""Visit the Biltmore Estate""]"
1435,"[""American League""]"
1436,"[""New York Giants""]"
1437,"[""Dirk Nowitzki's wife is Anja Nowitzki""]"
1438,"[""English Parliament""]"
1439,"[""Ancient Mayan prophecies""]"
1440,"[""Ecuador""]"
1441,"[""Alter Bridge""]"
1442,"[""Spain""]"
1443,"[""Euro""]"
1444,"[""Ibanez Iceman""]"
1445,"[""1""]"
1446,"[""Channel 101""]"
1447,"[""December 28, 2009""]"
1448,"[""Hayden Christensen""]"
1449,"[""Los Angeles""]"
1450,"[""Autobiographical children's novels""]"
1451,"[""Antonio Carlos Pecorari""]"
1452,"[""United States""]"
1453,"[""Professional basketball player""]"
1454,"[""Nick Lachey""]"
1455,"[""Pittsburgh, Pennsylvania""]"
1456,"[""Brasília""]"
1457,"[""Westminster College""]"
1458,"[""Mexican peso""]"
1459,"[""FCA US LLC""]"
1460,"[""1""]"
1461,"[""Genetics discovery""]"
1462,"[""Ray Allen's ex-wife""]"
1463,"[""Joe Biden""]"
1464,"[""English""]"
1465,"[""Educate them""]"
1466,"[""Authoritarian""]"
1467,"[""New Orleans Saints""]"
1468,"[""Ben married Deborah""]"
1469,"[""Colombo""]"
1470,"[""Mesopotamia""]"
1471,"[""Multi-party democracy""]"
1472,"[""1""]"
1473,"[""January 2, 2003""]"
1474,"[""Cypriot pound""]"
1475,"[""President and wife""]"
1476,"[""Acoustic""]"
1477,"[""Singapore Accommodation""]"
1478,"[""Carrie Underwood guest starred""]"
1479,"[""1""]"
1480,"[""Professional Golfer""]"
1481,"[""Cher had a son with Josh""]"
1482,"[""Portland""]"
1483,"[""Alexa Vega""]"
1484,"[""Democratic parliamentary system""]"
1485,"[""Renaissance curiosity""]"
1486,"[""Turkish lira""]"
1487,"[""Harvard University""]"
1488,"[""London""]"
1489,"[""Painting""]"
1490,"[""Lando Calrissian""]"
1491,"[""Spanish""]"
1492,"[""American League East""]"
1493,"[""Universal Gravitation""]"
1494,"[""Shrewsbury Grammar School""]"
1495,"[""Danielle Jonas""]"
1496,"[""Orlando, Florida""]"
1497,"[""French origin""]"
1498,"[""1""]"
1499,"[""Lil Wayne's first hit song""]"
1500,"[""She married Tom Cruise""]"
1501,"[""Olympic National Park""]"
1502,"[""United Nations Headquarters""]"
1503,"[""Yale, Iowa""]"
1504,"[""American Revolution""]"
1505,"[""British Kenya""]"
1506,"[""They dance""]"
1507,"[""Gillette Stadium""]"
1508,"[""American author""]"
1509,"[""January 20, 1970""]"
1510,"[""Jimmy Iovine""]"
1511,"[""Small to medium-sized dog""]"
1512,"[""Cool summer activities for kids in Dubai""]"
1513,"[""Battle of New Orleans""]"
1514,"[""Visit Downtown Sacramento""]"
1515,"[""Cultural Impact""]"
1516,"[""Michael J""]"
1517,"[""Indian Film School""]"
1518,"[""Portland Trail Blazers""]"
1519,"[""United States, Canada, Mexico""]"
1520,"[""Caribbean""]"
1521,"[""Portuguese""]"
1522,"[""Holocaust""]"
1523,"[""Atlanta Falcons""]"
1524,"[""Last time: 2009""]"
1525,"[""Muhammad""]"
1526,"[""US and Iraq""]"
1527,"[""Four languages""]"
1528,"[""Democratic Party""]"
1529,"[""Logan Lerman's movies:\n1""]"
1530,"[""Constantine died in Rome""]"
1531,"[""S""]"
1532,"[""West Africa""]"
1533,"[""Ibiza Family Fun""]"
1534,"[""Tatooine desert planet""]"
1535,"[""1""]"
1536,"[""Redmond, Washington""]"
1537,"[""California State University""]"
1538,"[""Atomic structure""]"
1539,"[""Wayside School series""]"
1540,"[""Ryan Reynolds is married to Blake Lively""]"
1541,"[""Jill""]"
1542,"[""Baroque music""]"
1543,"[""Playhouse West""]"
1544,"[""Author Mark Twain""]"
1545,"[""Martin Van Buren""]"
1546,"[""Maggie Gyllenhaal""]"
1547,"[""Pennsylvania High School""]"
1548,"[""The New Pearl Harbor""]"
1549,"[""France""]"
1550,"[""Season 4""]"
1551,"[""Elizabeth""]"
1552,"[""2005""]"
1553,"[""Richard Nixon ran against Helen Gahagan Douglas""]"
1554,"[""London""]"
1555,"[""Portuguese""]"
1556,"[""Federal Parliament""]"
1557,"[""Last World Series win: 2015""]"
1558,"[""Miami Arena""]"
1559,"[""John Cena's wife""]"
1560,"[""Attend Taiko""]"
1561,"[""New York University founders""]"
1562,"[""Jean Chalopin""]"
1563,"[""European Union member states""]"
1564,"[""Morocco, Algeria, Tunisia, Libya, Mauritania, Western Sahara""]"
1565,"[""Bobby Darin died of a heart attack""]"
1566,"[""Houston Dynamo Stadium""]"
1567,"[""Acoustic""]"
1568,"[""Breast Cancer""]"
1569,"[""University of Hawaii""]"
1570,"[""One word: Guilder""]"
1571,"[""Glendale, Arizona""]"
1572,"[""Kinetic Energy""]"
1573,"[""Explore Fisherman's Wharf""]"
1574,"[""African Art""]"
1575,"[""Eastern Time""]"
1576,"[""Google products and services: \n\n1""]"
1577,"[""May 30""]"
1578,"[""American baseball player""]"
1579,"[""Elaine Davis""]"
1580,"[""Martin Luther King Jr""]"
1581,"[""Inverted Totalitarianism""]"
1582,"[""Last playoff appearance: 2022""]"
1583,"[""Hong Kong time zone: UTC+8""]"
1584,"[""Here are 1-3 words to""]"
1585,"[""Cancer""]"
1586,"[""Hiroshi Fujiwara""]"
1587,"[""Queen Isabella II""]"
1588,"[""Chris Hemsworth's baby""]"
1589,"[""France and Britain""]"
1590,"[""Winnipeg""]"
1591,"[""Christianity, Islam, Judaism""]"
1592,"[""President""]"
1593,"[""Here are 1-3 words to""]"
1594,"[""London""]"
1595,"[""Leesburg, Georgia""]"
1596,"[""Robert Pattinson in Good Time""]"
1597,"[""Pakistani English""]"
1598,"[""Footwear and apparel""]"
1599,"[""Lyndon B""]"
1600,"[""Pyongyang""]"
1601,"[""Damehood""]"
1602,"[""Bill Clinton""]"
1603,"[""Wisconsin""]"
1604,"[""Daoist scriptures""]"
1605,"[""Native English speakers:""]"
1606,"[""Philosopher of politics""]"
1607,"[""Here are the counties in""]"
1608,"[""Jim Furyk""]"
1609,"[""Egyptian Arabic""]"
1610,"[""Lukas Radovich""]"
1611,"[""Vice President Ford""]"
1612,"[""Armenian currency is Armenian dram""]"
1613,"[""Italian Renaissance painter""]"
1614,"[""Maltese""]"
1615,"[""Catholic""]"
1616,"[""New England Patriots""]"
1617,"[""heart attack""]"
1618,"[""Heliocentric model""]"
1619,"[""Here are the teams Manny""]"
1620,"[""Eastern North America""]"
1621,"[""1913-1921""]"
1622,"[""Democratic""]"
1623,"[""Pacific Ocean""]"
1624,"[""Spanish""]"
1625,"[""Arabic""]"
1626,"[""Some inventions: \n\n1""]"
1627,"[""St Trinian's creator""]"
1628,"[""Malaysian coins are called Kijang Emas""]"
1629,"[""Federal""]"
1630,"[""Dominican peso""]"
1631,"[""Inspiration from a meeting""]"
1632,"[""John Whitmire""]"
1633,"[""London landmarks""]"
1634,"[""Portrait""]"
1635,"[""Seth Green""]"
1636,"[""Retired quarterback""]"
1637,"[""Starvation""]"
1638,"[""Catholic Holy Days""]"
1639,"[""German""]"
1640,"[""New York""]"
1641,"[""North Africa""]"
1642,"[""Nicolas Cage is married to Alice Kim""]"
1643,"[""Pakistan Supreme Court members 2009""]"
1644,"[""Brad Dourif""]"
1645,"[""Women's rights""]"
1646,"[""French overseas territories""]"
1647,"[""2004""]"
1648,"[""Australia""]"
1649,"[""Old Icelandic""]"
1650,"[""Theodor Geisel""]"
1651,"[""Ms""]"
1652,"[""Beaumont seafood restaurants""]"
1653,"[""English""]"
1654,"[""Harvard""]"
1655,"[""Banopticon""]"
1656,"[""Ike and Tina Turner's children are:\n\n1""]"
1657,"[""Leonardo's Inventions\n\n1""]"
1658,"[""2000-01 season""]"
1659,"[""Turkey""]"
1660,"[""94596""]"
1661,"[""John Wall""]"
1662,"[""David Parker""]"
1663,"[""Worldwide""]"
1664,"[""Jazz trumpet""]"
1665,"[""Physical currency""]"
1666,"[""Ancient Rome""]"
1667,"[""Top tourist attractions in Rome:\n\n1""]"
1668,"[""ordinary passengers""]"
1669,"[""Brain Hemorrhage""]"
1670,"[""Auburn, Alabama""]"
1671,"[""Tatyana Ali's parents""]"
1672,"[""Iceland""]"
1673,"[""Maasai language""]"
1674,"[""National Socialist German Workers' Party""]"
1675,"[""Supreme Leader Kim Jong-un""]"
1676,"[""Eastern North America""]"
1677,"[""Spanish currency""]"
1678,"[""England""]"
1679,"[""Spain""]"
1680,"[""Federal Republic""]"
1681,"[""Last World Series win: 1983""]"
1682,"[""Shakespeare's influence""]"
1683,"[""Ben Stiller dated Scarlett Johansson""]"
1684,"[""Norwegian""]"
1685,"[""Early education""]"
1686,"[""London""]"
1687,"[""Jan Brewer""]"
1688,"[""1""]"
1689,"[""Cancer""]"
1690,"[""Russia, Canada, Greenland, Norway""]"
1691,"[""Stockholm""]"
1692,"[""Australian Time Zone""]"
1693,"[""Italy people live""]"
1694,"[""Russia""]"
1695,"[""Anne Hathaway""]"
1696,"[""April 12, 1945""]"
1697,"[""Exploring the Earth""]"
1698,"[""March 4, 1861""]"
1699,"[""Thailand""]"
1700,"[""American jazz musician""]"
1701,"[""Pacific Northwest""]"
1702,"[""Ramsey County""]"
1703,"[""Henry FitzRoy""]"
1704,"[""Manchester United""]"
1705,"[""Union""]"
1706,"[""Austrian Empire""]"
1707,"[""American Revolutionary War""]"
1708,"[""Michael Owen Rosenbaum""]"
1709,"[""Blue, White, Red""]"
1710,"[""Christian leader""]"
1711,"[""Czech koruna""]"
1712,"[""Last time: 2018""]"
1713,"[""California High School""]"
1714,"[""Polio""]"
1715,"[""Marc Crawford""]"
1716,"[""Cambridge University""]"
1717,"[""American""]"
1718,"[""Worked as a domestic servant""]"
1719,"[""Algonquian""]"
1720,"[""Ronald Reagan""]"
1721,"[""Carl Weathers""]"
1722,"[""Peruvian languages""]"
1723,"[""Atmospheric Drum & Bass""]"
1724,"[""Global""]"
1725,"[""Premier League""]"
1726,"[""Pacific Standard Time""]"
1727,"[""Maine""]"
1728,"[""France, Quebec, Belgium""]"
1729,"[""Ptolemy I Soter\nRuler of Egypt""]"
1730,"[""Catherine of Aragon""]"
1731,"[""into the Parana River""]"
1732,"[""Pat""]"
1733,"[""University of Göttingen""]"
1734,"[""American Architect""]"
1735,"[""1995 season""]"
1736,"[""Russian Federation""]"
1737,"[""Europe""]"
1738,"[""Australian actor roles""]"
1739,"[""Steve Burton""]"
1740,"[""Trey Parker""]"
1741,"[""Angelina Jolie's brother is James Haven""]"
1742,"[""Charlotte, North Carolina""]"
1743,"[""Constitutional monarchy""]"
1744,"[""King Cleomenes I""]"
1745,"[""Texas Rangers""]"
1746,"[""1995 season""]"
1747,"[""African Great Lakes region""]"
1748,"[""December 21""]"
1749,"[""The Niger River flows through""]"
1750,"[""Matrix mechanics""]"
1751,"[""Saint Paul""]"
1752,"[""Wolfville""]"
1753,"[""American writer""]"
1754,"[""Western Europe countries: UK, France, Germany, Netherlands""]"
1755,"[""Persian""]"
1756,"[""Western Belgium""]"
1757,"[""Multiple languages""]"
1758,"[""American football player""]"
1759,"[""South Africa""]"
1760,"[""Florida, Georgia, Alabama""]"
1761,"[""Cote de Pablo""]"
1762,"[""Edward VI""]"
1763,"[""1""]"
1764,"[""Here are 1-3 words to""]"
1765,"[""Afghanistan""]"
1766,"[""Eastern Anatolia Region""]"
1767,"[""Russian""]"
1768,"[""Atlanta, Georgia""]"
1769,"[""English, Spanish""]"
1770,"[""Wales""]"
1771,"[""Spain""]"
1772,"[""Islamic Creed""]"
1773,"[""Juan Carlos I""]"
1774,"[""Agis IV""]"
1775,"[""Judi Dench married Michael Caine""]"
1776,"[""Multiple languages""]"
1777,"[""North Africa""]"
1778,"[""Rihanna's mother""]"
1779,"[""San Francisco County""]"
1780,"[""September 14, 1901""]"
1781,"[""Baltimore Ravens""]"
1782,"[""Philosophy of Science""]"
1783,"[""Jordan, Syria, and Lebanon""]"
1784,"[""Lionel Messi's baby""]"
1785,"[""South African Government""]"
1786,"[""American child actress""]"
1787,"[""HMS Beagle""]"
1788,"[""Italy""]"
1789,"[""Naïve Primitive style""]"
1790,"[""Sexual misconduct charges""]"
1791,"[""Oakland, California""]"
1792,"[""1440""]"
1793,"[""Scotland""]"
1794,"[""National Women's Soccer League""]"
1795,"[""Utah""]"
1796,"[""John Terry's children are called Jade and Jemima""]"
1797,"[""Gary, Indiana""]"
1798,"[""Union Commander""]"
1799,"[""Historical significance""]"
1800,"[""Surrealistic short stories""]"
1801,"[""1903""]"
1802,"[""Simon Birch actor: Jim Carrey""]"
1803,"[""Eastern Time Zone""]"
1804,"[""Genetically modified organisms""]"
1805,"[""English""]"
1806,"[""English""]"
1807,"[""Point Guard""]"
1808,"[""Edmonton Oilers""]"
1809,"[""Pedro Kuczynski""]"
1810,"[""Fender Stratocaster""]"
1811,"[""Art""]"
1812,"[""Current New Jersey Senators: Stephen M""]"
1813,"[""Barbados""]"
1814,"[""Barcelona""]"
1815,"[""Geneticist""]"
1816,"[""School""]"
1817,"[""Tripoli International Airport""]"
1818,"[""Middle East""]"
1819,"[""Philippines""]"
1820,"[""Christianity""]"
1821,"[""Rise of the Roman Empire""]"
1822,"[""Hispanic America countries""]"
1823,"[""Irish-American family""]"
1824,"[""Ba'athist""]"
1825,"[""Euro""]"
1826,"[""The Shame of the Cities""]"
1827,"[""Uppsala University""]"
1828,"[""Teach students""]"
1829,"[""French Franc""]"
1830,"[""Religious History""]"
1831,"[""Kuna language""]"
1832,"[""Recent tsunami""]"
1833,"[""American Modern Dance""]"
1834,"[""Federal""]"
1835,"[""Agricultural scientist""]"
1836,"[""Czech Republic""]"
1837,"[""Mansfield, Missouri""]"
1838,"[""Bangkok in 4 days""]"
1839,"[""1""]"
1840,"[""Pacific Time Zone""]"
1841,"[""They speak Norwegian""]"
1842,"[""Personal Bodyguard""]"
1843,"[""Singapore dollar""]"
1844,"[""Blackfoot""]"
1845,"[""Kevin Costner""]"
1846,"[""Central Standard Time""]"
1847,"[""Grand Canyon""]"
1848,"[""Western Asia""]"
1849,"[""Piano""]"
1850,"[""Alyson Stoner plays Gretchen Wieners""]"
1851,"[""Christianity""]"
1852,"[""1""]"
1853,"[""Best basketball career""]"
1854,"[""Car presenter""]"
1855,"[""Alex Borstein""]"
1856,"[""Paris Charles de Gaulle Airport""]"
1857,"[""Sheldon's mother""]"
1858,"[""Unapologetic""]"
1859,"[""Brentwood, Tennessee""]"
1860,"[""A Dream Deferred""]"
1861,"[""Io's moons""]"
1862,"[""Islamic Monarchy""]"
1863,"[""World War II""]"
1864,"[""Radio""]"
1865,"[""Michael Weatherly""]"
1866,"[""He loved people""]"
1867,"[""New York City""]"
1868,"[""Mapeera House, Kampala""]"
1869,"[""Robin Williams""]"
1870,"[""Australian University""]"
1871,"[""Martial Arts Roles""]"
1872,"[""Canadian Hockey""]"
1873,"[""Every year""]"
1874,"[""China""]"
1875,"[""Asian communities""]"
1876,"[""Federal""]"
1877,"[""Akkadian""]"
1878,"[""Abstract painter""]"
1879,"[""Limited Government""]"
1880,"[""Cuban currency""]"
1881,"[""Michael Madigan""]"
1882,"[""GMT+0h 0m""]"
1883,"[""President""]"
1884,"[""Los Angeles""]"
1885,"[""Barack Obama's degrees:\n\n1""]"
1886,"[""Powerful deity""]"
1887,"[""1""]"
1888,"[""Swiss franc""]"
1889,"[""2018""]"
1890,"[""Bill Clinton""]"
1891,"[""Hungarian Dance 3""]"
1892,"[""Manchuria""]"
1893,"[""2014""]"
1894,"[""Egyptian currency""]"
1895,"[""Brooklyn Dodgers""]"
1896,"[""St""]"
1897,"[""Federal government""]"
1898,"[""Ariel's sisters""]"
1899,"[""Peter, Lois, Brian""]"
1900,"[""First Lady""]"
1901,"[""David Prowse""]"
1902,"[""Scotland""]"
1903,"[""1913""]"
1904,"[""Canadian gold medals""]"
1905,"[""Historic landmarks""]"
1906,"[""Poland""]"
1907,"[""Cleopatra""]"
1908,"[""Dominican peso""]"
1909,"[""Smoked his partner""]"
1910,"[""Czech language""]"
1911,"[""Toronto""]"
1912,"[""Glasgow University""]"
1913,"[""Cancer""]"
1914,"[""California High School""]"
1915,"[""2001 season""]"
1916,"[""Harry S""]"
1917,"[""Utica County""]"
1918,"[""Digital programmable computer""]"
1919,"[""Members of the House of Representatives""]"
1920,"[""American basketball player""]"
1921,"[""Rick Grimes""]"
1922,"[""Crimean Peninsula""]"
1923,"[""US President""]"
1924,"[""Here are 1-3 words for""]"
1925,"[""1833""]"
1926,"[""Milk character""]"
1927,"[""November 2008""]"
1928,"[""Venice""]"
1929,"[""Phoenix Mercury""]"
1930,"[""Parisian Music""]"
1931,"[""Tyne and Wear Metro""]"
1932,"[""Other organisms used in experiments: Bees, mice""]"
1933,"[""Canadian government""]"
1934,"[""1995""]"
1935,"[""New Orleans""]"
1936,"[""University of Connecticut""]"
1937,"[""Last championship: 2020""]"
1938,"[""Captain James Cook Facts""]"
1939,"[""Chicago""]"
1940,"[""Parliamentary""]"
1941,"[""Muslims""]"
1942,"[""Socialized""]"
1943,"[""Israeli-Palestinian conflict""]"
1944,"[""American Federation of Labor""]"
1945,"[""Chicago, Illinois""]"
1946,"[""Business ventures""]"
1947,"[""mx""]"
1948,"[""Swiss Franc""]"
1949,"[""British overseas territory""]"
1950,"[""January 13""]"
1951,"[""Arlington National Cemetery""]"
1952,"[""Michigan won""]"
1953,"[""Syria""]"
1954,"[""American Civil War""]"
1955,"[""Ukrainian language""]"
1956,"[""1""]"
1957,"[""Europe""]"
1958,"[""1998-2006""]"
1959,"[""American comedian""]"
1960,"[""Here are 1-3 words for""]"
1961,"[""Last Stanley Cup win: 1967""]"
1962,"[""Arabic""]"
1963,"[""Portuguese""]"
1964,"[""Head Coach""]"
1965,"[""Kim Coates""]"
1966,"[""Tom Holland""]"
1967,"[""On the Origin of Species""]"
1968,"[""Serbo-Croatian""]"
1969,"[""Pregnancy complications""]"
1970,"[""Utah Jazz""]"
1971,"[""Elected representatives""]"
1972,"[""Here's a 1-3 word answer:\n\""Action Hero Movies\""""]"
1973,"[""Syracuse, New York""]"
1974,"[""Serbo-Croatian""]"
1975,"[""Tycho Brahe's Theory""]"
1976,"[""Last movie: Zardoz""]"
1977,"[""Chelsea""]"
1978,"[""University of Idaho""]"
1979,"[""Swedish origin""]"
1980,"[""Zach Thomas""]"
1981,"[""New York Harbor""]"
1982,"[""Wisconsin""]"
1983,"[""Baroque music""]"
1984,"[""University of Aberystwyth""]"
1985,"[""Jesus' siblings""]"
1986,"[""Tennessee Titans""]"
1987,"[""English actor Daniel Craig""]"
1988,"[""Cast iron""]"
1989,"[""Education""]"
1990,"[""Marilyn Monroe married Joe DiMaggio""]"
1991,"[""Timon's voice actor: Nathan Lane""]"
1992,"[""Midwestern United States""]"
1993,"[""Hawaii""]"
1994,"[""Spanish""]"
1995,"[""Best Supporting Actress""]"
1996,"[""Modern-day Israel""]"
1997,"[""Cobie Smulders""]"
1998,"[""Seattle Seahawks""]"
1999,"[""Democratic-Republican Party""]"
2000,"[""French culture""]"
2001,"[""David Nastev""]"
2002,"[""Liverpool won the 2000 FA Cup final""]"
2003,"[""Michael Jackson's kids are:\n\n1""]"
2004,"[""Harry Potter and Goblet of Fire""]"
2005,"[""Japan Standard Time""]"
2006,"[""Ken Jenkins""]"
2007,"[""American""]"
2008,"[""Czech language""]"
2009,"[""1""]"
2010,"[""Home Improvement""]"
2011,"[""1""]"
2012,"[""Jamaica""]"
2013,"[""London Time Zone: GMT""]"
2014,"[""Chicago hotels""]"
2015,"[""Breast cancer""]"
2016,"[""Federal""]"
2017,"[""Italian""]"
2018,"[""Republican""]"
2019,"[""Actor""]"
2020,"[""Morgan Freeman married Susan Sullivan""]"
2021,"[""The Apennine Mountains""]"
2022,"[""Nobel Prize""]"
2023,"[""American""]"
2024,"[""North Atlantic Treaty Organization""]"
2025,"[""Maryland""]"
2026,"[""Indian Ocean""]"
2027,"[""1""]"
2028,"[""Manchester United""]"
2029,"[""French Politician""]"
2030,"[""Heraklion""]"
2031,"[""Roswell Georgia""]"
2032,"[""2000s""]"
